,missing,mean,std,min,max
State,0,,,,
Murder,0,7.788,4.355509764209288,0.8,17.4
Assault,0,170.76,83.33766084001707,45.0,337.0
UrbanPop,0,65.54,14.474763400836785,32.0,91.0
Rape,0,21.231999999999992,9.36638453105965,7.3,46.0
State_abv,0,,,,
